{
	"Metadata":
	{
		"Name": "Extra Slot Sunky",
		"Author": "MC",
		"Description": "adds sunky extra slot in Sonic 3 Air!",
		"URL": "ExtraSlotsS3AIR.ru",
		"ModVersion": "Version 0.1 Revamp - The First Revamp Version",
		"GameVersion": "any"
	},
	"Settings":
	{
		"Group1":
		[
			{
				"InternalName": "Mario's Name In Act Select",
				"DisplayName": "Mario's Name In Act Select",
				"Variable": "LName",
				"DefaultValue": "0",
				"Category": "Visual",
				"Options":
				{
					"0": "Mario the Plumber",
					"1": "Mario"
			}
			}
		]
	}
}